{
    "author": "Nirin, Josh.5, yajrendrag",
    "compatibility": [
        1,
        2
    ],
    "description": "Specify one audio stream and one subtitle stream to keep.",
    "icon": "https://raw.githubusercontent.com/Unmanic/plugin.remove_stream_by_language/master/icon.png",
    "id": "keep_streams_by_languages",
    "name": "Keep streams by languages",
    "platform": [
        "all"
    ],
    "priorities": {
        "on_library_management_file_test": 0,
        "on_worker_process": 0
    },
    "tags": "audio,subtitle, ffmpeg,library file test",
    "version": "0.0.3"
}
