{
    "author": "Nirin + Yajrendrag",
    "compatibility": [
        2
    ],
    "description": "Creates stereo audio streams from existing multi-channel audio streams",
    "icon": "https://raw.githubusercontent.com/Unmanic/plugin.encoder_audio_aac/master/icon.png",
    "id": "convert_multichan_audio_to_stereo",
    "name": "Convert multichannel audio to stereo.",
    "platform": [
        "all"
    ],
    "priorities": {
        "on_library_management_file_test": 99,
        "on_worker_process": 1
    },
    "tags": "audio,encoder,ffmpeg,library file test",
    "version": "0.1.0"
}
